genre,title
Ruby,undefined method `capitalize' for ~~:Array (NoMethodError)
Ruby,undefined local variable or method
Ruby,syntax error unexpected end-of-input expecting `end'
Ruby,Rubyの新バージョンをインストール
Ruby on Rails,Herokuプッシュ時にエラー「! Could not detect rake tasks」
Ruby on Rails,M1 チップを搭載した MacBookの環境構築について
Ruby on Rails,データベースの変更方法
Ruby on Rails,undefined method `each' for nil:NilClass
Ruby on Rails,rails コマンドが使えない
Ruby on Rails,Could not locate Gemfile
Ruby on Rails,tmpファイルが自動生成される
Ruby on Rails,サーバーを起動できない
Ruby on Rails,データベースをリセットできない
Ruby on Rails,【Windows】Webpacker::Manifest::MissingEntryError
Ruby on Rails,uninitialized constant PostsController
Ruby on Rails,【Mac】PG::ConnectionBad
Ruby on Rails,.【Mac】Webpacker::Manifest::MissingEntryError